cores,time
1,0.03902589999779593
2,0.0174371000030078
4,0.008365300003788434
8,0.007054799993056804
16,0.00529009998717811
