cores,time
1,4.5983230999991065
2,2.14651189999131
4,1.0091803999966942
8,0.6422070999979042
16,0.637333699996816
