cores,time
1,103.7904872999934
2,47.98697340000945
4,22.76973640000506
8,14.302597800007788
16,15.183522899998934
